,책제목,artist,song_name
0,두고 온 여름,권현정(소공녀OST),난 너만 있으면 되는데
1,두고 온 여름,Paniyolo,가족의 글자
2,두고 온 여름,Paniyolo,소리마음
3,두고 온 여름,김윤아,퇴근버스
4,두고 온 여름,Hideyuki Hashimoto,hoho
5,두고 온 여름,Hideyuki Hashimoto,Setsu
6,두고 온 여름,김윤아,비내리는 상수역
7,두고 온 여름,이승호,나의 제단에 작은 초를 켭니다
8,두고 온 여름,이승호,모든 시작을 위해
9,두고 온 여름,GONTITI,28
10,두고 온 여름,GONTITI,저녁 바다 위에 뜨는 달
11,두고 온 여름,주걸륜,First Kiss
12,두고 온 여름,이윤지'],우리 식구
13,백일의 밤 백편의 시,Jon Belle,If You Could See Me Now
14,백일의 밤 백편의 시,김지수,Somewhere
15,백일의 밤 백편의 시,Sunday Night Piano Club,Have Yourself a Merry Little Christmas
16,백일의 밤 백편의 시,Thomas Ades,Arabesque (Debussy)
17,백일의 밤 백편의 시,이진욱,Wish (Guitar & Piano Version)
18,백일의 밤 백편의 시,Thomas Ades,Colette
19,백일의 밤 백편의 시,Fougere,Descent
20,백일의 밤 백편의 시,데일리 스케치,12월
21,백일의 밤 백편의 시,Kozy,Winter Story
22,백일의 밤 백편의 시,Jim Chappell,Innocense
23,백일의 밤 백편의 시,임주연,겨울의 오타루(윤희에게 ost)
24,백일의 밤 백편의 시,노영심,영우의 마음(사람의 마음은 참 어렵습니다)
25,백일의 밤 백편의 시,Piago,I Will Remember
26,백일의 밤 백편의 시,Iwamura Ryuta,February 20 / C-bur
27,백일의 밤 백편의 시,임승범,바다에 뜬 별
28,백일의 밤 백편의 시,김연정,Save You
29,백일의 밤 백편의 시,Nanatsutani Yumi,molecule
30,백일의 밤 백편의 시,Yuyama Akira,잔물결 자장가
31,백일의 밤 백편의 시,Tobias Wilden,Old Memories
32,백일의 밤 백편의 시,Iwamura Ryuta,October 7 / His-dur
33,백일의 밤 백편의 시,Michael Giacchino,Stuff We Did
34,어른을 위한 인생 수업  류쉬안,전진희,night in february
35,어른을 위한 인생 수업  류쉬안,Lee Jian,love
36,어른을 위한 인생 수업  류쉬안,노영심,혼자 듣는 음악
37,어른을 위한 인생 수업  류쉬안,해이준,서시히 물들다(With Cello)
38,어른을 위한 인생 수업  류쉬안,이선규,Emptiness(공허)
39,어른을 위한 인생 수업  류쉬안,Nakamura Yuriko,Legend
40,어른을 위한 인생 수업  류쉬안,Yuriko Nakamura,Last Fascination
41,어른을 위한 인생 수업  류쉬안,해이준,이별의 강을 건너다
42,어른을 위한 인생 수업  류쉬안,데일리 스케치,모든게 그렇듯 다 지나가더라
43,어른을 위한 인생 수업  류쉬안,피치소,너를 그리는 시간
44,어른을 위한 인생 수업  류쉬안,구찬성,다시 너
45,어른을 위한 인생 수업  류쉬안,해이준,넌 혼자가 아니야
46,어른을 위한 인생 수업  류쉬안,JUNJO,Words
47,어른을 위한 인생 수업  류쉬안,이병우,나는 니가 이상해서 조터라
48,어른을 위한 인생 수업  류쉬안,Hideyuki Hashimoto,izumi - improvisation - tree /
49,어른을 위한 인생 수업  류쉬안,김지수,Mokpo of Old Memory(우리들의 블루스 ost)
50,어른을 위한 인생 수업  류쉬안,김윤아,어린왕자
51,어른을 위한 인생 수업  류쉬안,정동환,그 밤
52,어른을 위한 인생 수업  류쉬안,이남연,Warmhearted
53,어른을 위한 인생 수업  류쉬안,:50 The Moon Song (Film Version),Scarlett Johansson'
54,당신의 마음에 이름을 붙인다면,Frank Glazer,Sonatine Bureaucratique (콜미바이유어네임 ost)
55,당신의 마음에 이름을 붙인다면,Szervanszky & Cavaye,Le jardin feerique from Ma mere l'Oye
56,당신의 마음에 이름을 붙인다면,MWV U78 (Piano,Michael Endres)
57,당신의 마음에 이름을 붙인다면,TH 135,6. June: Barcarolle (Piano - Vladimir Ashkenazy)
58,당신의 마음에 이름을 붙인다면,TH 135,10. October Autumn's Song (Piano - Vladimir Ashkenazy)
59,당신의 마음에 이름을 붙인다면,Alessio Bax,“Zion hort die Wachter singen” (콜미바이유어네임 ost)
60,당신의 마음에 이름을 붙인다면,Kathryn Stott,The Swan
61,당신의 마음에 이름을 붙인다면,Debussy,"Clair De Lune (Piano 조성진)"""
62, 쓸데없는 짓이 어디 있나요,Ryuichi Sakamoto,leta
63, 쓸데없는 짓이 어디 있나요,전진희,Breathing in April
64, 쓸데없는 짓이 어디 있나요,정수민,통감(feat.진수영)
65, 쓸데없는 짓이 어디 있나요,윤한,바람의 왈츠
66, 쓸데없는 짓이 어디 있나요,진수영,많은 날들이
67, 쓸데없는 짓이 어디 있나요,Hideyuki Hashimoto,ki
68, 쓸데없는 짓이 어디 있나요,윤한,Lake Lucerne
69, 쓸데없는 짓이 어디 있나요,Hideyuki Hashimoto,Izumi - improvisation - tree
70, 쓸데없는 짓이 어디 있나요,Haruka nakamura,World’s end Rhapsody
71, 쓸데없는 짓이 어디 있나요,정수민,회상
72, 쓸데없는 짓이 어디 있나요,Ryuichi Sakamoto,Parolibre
73, 쓸데없는 짓이 어디 있나요,진수영,서로 말하지 않아도
74, 쓸데없는 짓이 어디 있나요,Hideyuki Hashimoto,Odoriko
75, 쓸데없는 짓이 어디 있나요,루시드폴,눈 오는 날의 동화']
76,스키터,이준오,나만의 작은 숲 (리틀포레스트 ost)
77,스키터,이윤지,우리 식구
78,스키터,임승범,이해
79,스키터,박성일,하루
80,스키터,또 오해영 OST,나 심심하다 진짜…
81,스키터,정세린,위로
82,스키터,오준성,In Memories
83,스키터,박상희,쿠바 정원의 밤하늘
84,스키터,김연정,Truth
85,스키터,임하영,위로
86,스키터,유민호,까멜리아
87,스키터,또 오해영 OST,난 내가 여전히…
88,스키터,홍진호,Moonlight (Cello Ver.)
89,스키터,OHDH,마음일기
90,스키터,김윤아,Happy Things
91,스키터,진수영,멈춰선 채
92,스키터,정재형,사랑하는 이들에게
93,스키터,바다가 들린다 OST,First Impression (piano cover Pidalso)
94,스키터,전진희,breathing in October(2021)
95,스키터,OHDH,그때도 알았더라면
96,스키터,:03 Rain Song,Emile Mosseri
97,잊었던 용기,Iwamura Ryuta,Rio
98,잊었던 용기,Kosemura Akira,Mirage
99,잊었던 용기,Kosemura Akira,Kosemura: Passing By
100,잊었던 용기,Yutaka Hirasaka,amaretto
101,잊었던 용기,HWANJI,여정
102,잊었던 용기,RADWIMPS,Theme of mitsuha
103,잊었던 용기,Raujika,Pastoral
104,잊었던 용기,Zmi,Tamayura
105,잊었던 용기,Hideyuki Hashimoto,asa
106,잊었던 용기,전진희,Dawn Snow
107,잊었던 용기,Hideyuki Hashimoto,improvisation - prelude
108,잊었던 용기,심현정,A Werewolf Boy']
109,다른 삶,Over the Rainbow,Joey Alexander
110,다른 삶,Tobias Wilden,Eye Contact
111,다른 삶,Tobias Wilden,About Isolation / Ripples
112,다른 삶,Tobias Wilden,Blue Hour
113,다른 삶,Thomas Ades,Colette
114,다른 삶,이루마,Passing By
115,다른 삶,Joep Beving,Reflection #2
116,다른 삶,Olafur Arnalds,Only The Winds
117,다른 삶,Joep Beving,Into the Dark Blue
118,다른 삶,지금의계절,지극히 사소한 고독
119,다른 삶,Tobias Wilden,Adrift
120,다른 삶,JUNJO,Ivory
121,다른 삶,Iwamura Ry uta,Rio
122,다른 삶,정재형,오솔길
123,다른 삶,52: 18 모그,Waltz For Mother
124,다른 삶,Thomas Newman,Brooks Was Here(쇼생크 탈출 ost)'
125,당연한 하루는 없다,Thomas Ades,Colette
126,당연한 하루는 없다,김윤아,언젠가는
127,당연한 하루는 없다,김윤아,꿈갈피
128,당연한 하루는 없다,The Soundtrackings,기다리다
129,당연한 하루는 없다,Haneda Ryoko,Winter Dream
130,당연한 하루는 없다,나츠메 우인장 OST,Ito Wa Kanashi (피달소 Piano Cover)
131,당연한 하루는 없다,Haneda Ryoko,When The First..
132,당연한 하루는 없다,김현철,시월애
133,당연한 하루는 없다,나츠메 우인장 OST,Furusato no Nioi (피달소 Piano Cover)
134,당연한 하루는 없다,오준성,In Memories
135,당연한 하루는 없다,이남연,Warmhearted
136,당연한 하루는 없다,이병우,우리
137,당연한 하루는 없다,Haneda Ryoko,Rainy Birthday
138,당연한 하루는 없다,김형석,자장가
139,당연한 하루는 없다,Quruli,Tsuneoto Zyoze
140,당연한 하루는 없다,최유미,Main Theme
141,당연한 하루는 없다,김윤아,슬픔도 지나고 나면
142,당연한 하루는 없다,김형석,"눈이 부시게""]"
143,엉망인 채 완전한 축제,sonicbrat,A Matter of Time
144,엉망인 채 완전한 축제,Dustin O'Halloran,01 opus 20
145,엉망인 채 완전한 축제,Chris Zabriskie,The Temperature of the Air on the Bow of the Kaleetan
146,엉망인 채 완전한 축제,Nils Frahm,Familiar
147,엉망인 채 완전한 축제,Eydis Evensen,Stormasamt Kvold
148,엉망인 채 완전한 축제,Eydis Evensen,Brotin
149,엉망인 채 완전한 축제,Olafur Arnalds,re:member
150,엉망인 채 완전한 축제,Ola Gjeilo,"Gjeilo: Before Dawn"""
151,그림자의 위로,BWV 988,Aria - Lang Lang
152,그림자의 위로,Op.56,1. Berceuse - Katia Labeque · Marielle Labeque
153,그림자의 위로,Op. 57,Maurizio Pollini
154,그림자의 위로,BWV 106,2a. Gottes Zeit
155,그림자의 위로,ist die allerbeste Zeit (Arr. For Piano Four Hands by Gyorgy Kurtag),Lucas Jussen · Arthur Jussen
156,그림자의 위로,Einaudi: Ascent (Day 7),Ludovico Einaudi
157,그림자의 위로,Mignone: Valse Elegante,Nelson Freire
158,그림자의 위로,Op. 3,No. 2 Prelude In C-Sharp Minor - Anatol Ugorski
159,그림자의 위로,Op. 54,No. 4 Notturno - Emil Gilels
160,그림자의 위로,BWV 846-869,I. Prelude in C Major
161,그림자의 위로,BWV 846,Lang Lang
162,그림자의 위로,Op. 15,7. Traumerei - Vladimir Horowitz
163,그림자의 위로,Richter: Mercy,Max Richter
164,그림자의 위로,Op. 39,For Piano Duet - 15. In A Major - Aloys Kontarsky · Alfons Kontarsky
165,그림자의 위로,M. 19,Alice Sara Ott'
166,꿀벌과 천둥,Op.23,조성진
167,꿀벌과 천둥,바흐 : 평균율 클라비어곡집 제 1권 BWV 846,프렐류드 - Glenn Gould
168,꿀벌과 천둥,Op.10 No.1,조성진
169,꿀벌과 천둥,K. 332 1악장 Allegro,Glenn Gould
170,꿀벌과 천둥,브람스 : 파가니니 주제에 의한 변주곡 Op. 35 제 1권,테마 - Evgeny Kissin
171,꿀벌과 천둥,브람스 : 파가니니 주제에 의한 변주곡 Op. 35 제 1권,제1변주 - Evgeny Kissin
172,꿀벌과 천둥,Op.11-1 (Allegro maestoso),조성진
173,꿀벌과 천둥,No. 5 '흑건',Ikuyo Nakamichi
174,꿀벌과 천둥,Op.38,조성진
175,꿀벌과 천둥,무소르그스키 : 전람회의 그림,2곡 고성 - Khatia Buniatishvili
176,꿀벌과 천둥,Op.49,조성진
177,꿀벌과 천둥,Op. 9: No. 2,"조성진"""
178,작은 별이지만 빛나고 있어,힐링 네이쳐,Sea Waterwave
179,작은 별이지만 빛나고 있어,이루마,바다의 선율
180,작은 별이지만 빛나고 있어,Megan Wofford,Uprise
181,작은 별이지만 빛나고 있어,Akira Kosemura,Luna
182,작은 별이지만 빛나고 있어,Yellow Bridge,손끝에 닿을 듯이
183,작은 별이지만 빛나고 있어,Sakamoto Ryuichi,Shining Boy & Little Randy / Hoshininatta Shounen
184,작은 별이지만 빛나고 있어,이루마,River Flows In You
185,작은 별이지만 빛나고 있어,Alfie-Jay Winters,Everyone Rainfalls
186,작은 별이지만 빛나고 있어,Gavin Luke,In Pursuit Of Happiness
187,작은 별이지만 빛나고 있어,정재형,사랑하는 이들에게
188,작은 별이지만 빛나고 있어,Jinhee JEON,Dawn Snow
189,작은 별이지만 빛나고 있어,scjazzy,500 000
190,작은 별이지만 빛나고 있어,로맨틱브리즈,바다가 보이는 언덕
191,작은 별이지만 빛나고 있어,Goetz Oestlind,Anthriel : Genesis
192,작은 별이지만 빛나고 있어,바이준,당신의 사랑이 늘 행복하기를
193,작은 별이지만 빛나고 있어,뉴에지 브리즈,밤하늘 그리고 별
194,작은 별이지만 빛나고 있어,Remember My Song,My Romance
195,작은 별이지만 빛나고 있어,Sasaki Isao,Always In A Heart
196,작은 별이지만 빛나고 있어,정재형,바람에 이는 나뭇가지
197,작은 별이지만 빛나고 있어,:49 Little Fish,위로가 필요한 밤에
198,작은 별이지만 빛나고 있어,:15 이루마,Letter (Winter Version)
199,작은 별이지만 빛나고 있어,:09 Winter Aid,The Wisp Sings']
200,달러구트 꿈 백화점,Yoshida Kiyoshi,Karakuridokei~ Time Leap
201,달러구트 꿈 백화점,Alexandre Desplat,Little Women
202,달러구트 꿈 백화점,7pm,Snow Fantasy
203,달러구트 꿈 백화점,RADWIMPS,Date
204,달러구트 꿈 백화점,Yoshida Kiyoshi,Natsuzora
205,달러구트 꿈 백화점,Yoshida Kiyoshi,Sketch
206,달러구트 꿈 백화점,Rob Simonsen,Main Title
207,달러구트 꿈 백화점,Haneda Ryoko,Winter Dream
208,달러구트 꿈 백화점,석승환,Let it snow
209,달러구트 꿈 백화점,석승환,Hane yourself a merry little Christmas
210,달러구트 꿈 백화점,석승환,Jingle Bell
211,달러구트 꿈 백화점,석승환,White Christmas
212,달러구트 꿈 백화점,석승환,The Christmas song
213,달러구트 꿈 백화점,석승환,Silent night
214,달러구트 꿈 백화점,김광민,크리스마스 선물
215,달러구트 꿈 백화점,Haneda Ryoko,Venezia
216,달러구트 꿈 백화점,로맨틱망고,겨울
217,달러구트 꿈 백화점,고서이,Painted Times(With Clarinet)
218,달러구트 꿈 백화점,Ola Gjeilo,Santa Monica
219,달러구트 꿈 백화점,:16 이루마,Maybe christmas']
220,어린 왕자,Matija Strnisa,Tender Loneliness
221,어린 왕자,Matija Strnisa,Butterflies
222,어린 왕자,Ludovico Einaudi,Natural Light
223,어린 왕자,Million Eyes,The Mercy of the Wind
224,어린 왕자,Trevor Kowalski,Courage Endures
225,어린 왕자,Aidan Clare,Caterpillar In a Mol for Piano
226,어린 왕자,이은주,사랑스런 추억
227,어린 왕자,Masafumi Komatsu,Mahina
228,어린 왕자,Masafumi Komatsu,reflection
229,어린 왕자,Million Eyes,There Will be Rain
230,어린 왕자,Trevor Kowalski,And We Walk After
231,어린 왕자,Akira Kosemura,You
232,어린 왕자,Nils Frahm,My Friend the Forest
233,어린 왕자,Nils Frahm,About Coming and Leaving
234,어린 왕자,Akira Kosemura,Fragile
235,어린 왕자,이루마,s t e l l a
236,어린 왕자,Matija Strnisa,Everyone is here']
237,데미안,Erik Satie,Gymnopedie No. 3
238,데미안,Joep Beving,Wanderlust
239,데미안,Luke Howard,Nocturne
240,데미안,Lambert,Sleeping Dogs
241,데미안,RIOPY,Tree of Light - A Call to Arms
242,데미안,GREGOR PIATIGORSKY,Song of India (Rimsky-Korsakov)
243,데미안,Alice Sara Ott,Piano Sonata No.3: Largo
244,데미안,Ren Ford,Earnestly Yours
245,데미안,Dustin O'Halloran,Quartet No.3
246,데미안,Dustin O'Halloran,We Move Lightly
247,데미안,Olafur Arnalds,Near Light
248,데미안,Olafur Arnalds,nyepi (string quartet version)
249,데미안,Ren Ford,Impromptu On A Theme From Six
250,데미안,Nils Frahm,Over There
251,데미안,Maurice Ravel,Pavane pour une infante defunte(죽은 왕녀를 위한 파반느)
252,이방인,Ludovico Einaudi,Einaudi : Elegy For The Arctic
253,이방인,Joep Beving,Sonderling
254,이방인,Ludovico Einaudi,Andare
255,이방인,Claude Debussy,Ballade
256,이방인,Vikingur Olafsson,Rameau
257,이방인,Mari Samuelsen,Mercy
258,이방인,Lambert,Awake
259,이방인,Lambert,The Dance
260,이방인,Ola Gjeilo,Before Dawn
261,이방인,David Foster,Love
262,이방인,Music Lab Collective,Wiseman : Quiet Room
263,이방인,Olafur Arnalds,Saudade (When We Are Born)
264,이방인,:24 Lambert,Balcony Hotel (From 'Miss')
265,이방인,:13 Olafur Arnalds,nyepi
266,이방인,:28 Max richter,"On The Nature Of Daylight""]"
267,인간실격,조영욱,상현의 기도 (박쥐 ost)
268,인간실격,The Soundtrackings,매초롬한 미인 (아가씨 ost)
269,인간실격,The Soundtrackings,태어나지 않았으면 좋았을 텐데 (아가씨 ost)
270,인간실격,Ryuichi Sakamoto,POPPOYA (piano Version)
271,인간실격,모그,Soohyun's Theme Ver.2 (악마를 보았다 ost)
272,인간실격,모그,Soohyun's Theme (악마를 보았다 ost)
273,인간실격,모그,I Saw the Devil Piano Ver.2 (악마를 보았다 ost)
274,인간실격,모그,I Saw the Devil Piano (악마를 보았다 ost)
275,인간실격,조영욱,제니의 자장가 (Another Take
276,인간실격,조영욱,편지 (친절한 금자씨 ost)
277,인간실격,이병우,숲은 알고 있다 (장화홍련 ost)
278,인간실격,S.A. Karl,Aldebaran
279,인간실격,연리목,흘러가다 (은교 ost)
280,인간실격,Abel Korzeniowski,"Table For Two"""
